brand,model,price
Realme,"realme C100x launches in Bangladesh with an 8,000mAh battery and 120Hz display","5,000"
Realme,"Realme 16x launched with 7,000mAh battery and 144Hz display","5,000"
POCO,"Poco F9 Pro and F9 Ultra leak reveals full specifications, design, and price","5,000"
iQOO,"iQOO Neo 11 Ultra key specifications leaked on Weibo after the China Telecom listing, launch is getting closer","5,000"
iQOO,"iQOO Z11 price revealed ahead of launch, 7,050mAh battery and AI features confirmed","5,000"
iQOO,"iQOO 16 leak suggests 2K 165Hz display, 8,500mAh battery, and new camera setup","5,000"
Helio,Helio 47,"17,999"
Tecno,Tecno MegaPad 2,"36,999"
Realme,Realme C100x,"21,999"
Walton,Walton NEXG N77,"17,999"
Xiaomi,Xiaomi Redmi 17,"22,999"
Vivo,Vivo Y05e,"16,599"
Coolpad,Coolpad C35c,"14,499"
Motorola,Motorola Moto A300 (2026),"2,350"
Symphony,Symphony L257,"1,650"
Symphony,Symphony L49,"1,420"
Infinix,Infinix Hot 70 Pro,"36,999"
Walton,Walton ZENX Z3,"14,799"
Proton,Proton Eagle X,"13,500"
Proton,Proton Power 50,"11,500"
Vivo,Vivo Y500,"36,999"
Helio,Helio 46,"15,999"
Honor,Honor Watch 6,"27,999"
Symphony,Symphony A40,"1,130"
Tecno,Tecno Spark 50 Pro,"26,999"
Samsung,Samsung Galaxy A27,"48,099"
Filter,Filter Products Phone Finder,"5,000"
Symphony,Symphony L138,"1,599"
Huawei,Huawei Nova Y74,"29,999"
GDL,GDL G Power,"1,690"
GDL,GDL GigaX S7,"14,990"
GDL,GDL G Plus,"1,290"
GDL,GDL Lean,"2,090"
Xiaomi,Xiaomi 17T,"79,999"
Symphony,Symphony L146,"1,899"
Raeno,Raeno Air,"11,490"
Raeno,Raeno S1 Pro,"12,499"
Raeno,Raeno NEO-01,"10,499"
Raeno,Raeno R-X1,"9,999"
HTC,HTC Wildfire E5 Elite,"20,990"
Symphony,Symphony D11,"1,290"
Walton,Walton XANON X22,"25,999"
Symphony,Symphony A21,"1,099"
Villaon,Villaon V50s,"10,290"
Walton,Walton NEXG N28 Pro,"22,499"
Symphony,Symphony T91,"1,520"
Huawei,Huawei Nova 15 Max,"49,999"
Infinix,Infinix Hot 70,"18,999"
Xiaomi,Xiaomi Redmi Pad 2 9.7,"21,999"
Proton,Proton Zen 6T,"15,000"
Huawei,Huawei Watch Fit 5 Pro,"29,999"
Huawei,Huawei Watch Fit 5,"19,999"
Symphony,Symphony Max 30,"9,999"
Xiaomi,Xiaomi Redmi A7,"13,999"
Honor,Honor 600 Pro,"99,999"
Honor,Honor 600,"64,999"
Tecno,Tecno Spark 50,"17,499"
Tecno,Tecno Spark 50 5G,"23,999"
Samsung,Samsung Galaxy A57,"79,999"
Samsung,Samsung Galaxy A37,"60,499"
Realme,Realme C100i,"15,999"
Helio,Helio 20,"11,999"
Helio,Helio 22,"12,999"
Vivo,Vivo Y11d,"16,999"
Oppo,Oppo A6k,"19,999"
Huawei,Huawei Band 11 Pro,"8,999"
Huawei,Huawei Band 11,"4,999"
Vivo,Vivo V70 FE,"56,999"
Honor,Honor 600 Lite,"44,999"
Apple,Apple iPad Air 13 (2026),"134,999"
Apple,Apple iPad Air 11 (2026),"106,999"
Proton,Proton Jet 4G,"1,899"
Honor,Honor Magic V6,"249,999"
Proton,Proton HyperX,"16,499"
Oppo,Oppo A6s Pro,"39,990"
Infinix,Infinix Smart 20,"14,999"
Honor,Honor Pad X8b,"22,999"
Honor,Honor X6d,"19,999"
Apple,Apple iPhone 17e,"124,999"
Walton,Walton XANON X50,"30,999"
Itel,Itel A200+,"12,490"
Samsung,Samsung Galaxy S26 Ultra,"199,999"
Samsung,Samsung Galaxy S26+,"172,499"
Samsung,Samsung Galaxy S26,"130,299"
Infinix,Infinix Note 60 Pro,"49,999"
Helio,Helio 95,"19,999"
Tecno,Tecno Camon 50,"34,999"
Xiaomi,Xiaomi Redmi A7 Pro,"14,999"
Vivo,Vivo Y05,"13,999"
Tecno,Tecno Camon 50 Ultra,"42,999"
Vivo,Vivo V70,"68,999"
Walton,Walton NEXG N28,"16,299"
Itel,Itel City 200,"17,490"
Tecno,Tecno MegaPad SE,"20,999"
Oppo,Oppo A6c,"16,999"
HTC,HTC Wildfire E7 Life,"12,999"
Tecno,Tecno Spark Go 3,"12,999"
Infinix,Infinix Note Edge,"29,999"
Infinix,Infinix Note 60,"44,999"
Vivo,Vivo Y31D,"27,499"
Tecno,Tecno Watch Pro 3,"5,995"
ZTE,ZTE Nubia V80 Max,"16,999"
Oppo,Oppo Reno15 F,"54,990"
Oppo,Oppo Reno15,"79,990"
Tecno,Tecno Pova Curve 2,"36,999"
Proton,Proton Glory i30,"11,000"
Walton,Walton NEXG N76,"14,499"
Honor,Honor Pad X7 LTE,"22,999"
Huawei,Huawei MatePad 11.5 (2026),"49,999"
Helio,Helio 55,"15,999"
Xiaomi,Xiaomi Redmi Note 15 5G,"36,999"
Xiaomi,Xiaomi Redmi Note 15,"26,999"
GDL,GDL G37,"1,390"
GDL,GDL GigaX Y11,"7,990"
Honor,Honor X8d,"37,999"
Walton,Walton Orbit Y72,"10,999"
Realme,Realme C85,"18,999"
Villaon,Villaon Hyper 100,"10,990"
Helio,Helio 15,"10,499"
Xiaomi,Xiaomi Redmi Note 15 Pro+,"46,999"
Symphony,Symphony BL132,"1,320"
OnePlus,OnePlus Pad Go 2,"49,999"
Symphony,Symphony L290,"1,599"
Oppo,Oppo A6,"24,999"
Oppo,Oppo A6x,"14,999"
Huawei,Huawei Mate X7,"249,999"
Huawei,Huawei Mate 80 Pro,"139,999"
Xiaomi,Xiaomi Black Shark Pad 7,"24,999"
ZTE,ZTE Blade V80 Pro,"20,999"
Symphony,Symphony FiRE60,"1,899"
ZTE,ZTE Blade V80 Design,"19,999"
Tecno,Tecno Watch Neo,"5,495"
Helio,Helio 45,"11,999"
GDL,GDL G703,"1,290"
Realme,Realme C85 Pro,"22,999"
Proton,Proton Infinity 8,"10,500"
GDL,GDL G9,"1,190"
GDL,GDL G904,"1,250"
Apple,Apple iPad Pro 11 (2025),"159,999"
Honor,Honor Magic8 Pro,"159,999"
Vivo,Vivo X300 Pro,"149,999"
Tecno,Tecno Spark 40,"16,999"
Lenovo,Lenovo Idea Tab,"38,999"
ZTE,ZTE Nubia A76,"12,999"
Itel,Itel A100C,"9,590"
Symphony,Symphony Max 60,"9,999"
Xiaomi,Xiaomi Pad 8,"52,999"
Xiaomi,Xiaomi Redmi Pad 2 Pro,"37,999"
Honor,Honor X5c Plus,"14,999"
Honor,Honor X9d,"46,999"
Vivo,Vivo V60 Lite,"43,999"
Oppo,Oppo A6 Pro 4G,"32,990"
Vivo,Vivo V60 Lite 4G,"34,999"
GDL,GDL Super,"1,050"
GDL,GDL G605,"1,650"
GDL,GDL G405,"1,350"
GDL,GDL G88,"1,490"
Huawei,Huawei Watch Ultimate 2,"97,999"
Huawei,Huawei Watch GT 6 Pro,"40,999"
Honor,Honor X5c,"12,999"
Vivo,Vivo Y21d,"18,999"
Samsung,Samsung Galaxy Tab A11,"19,499"
GDL,GDL Switch 4G,"2,050"
Apple,Apple iPhone 17 Pro Max,"219,999"
Apple,Apple iPhone 17 Pro,"197,999"
Apple,Apple iPhone 17,"179,999"
Apple,Apple iPhone 17 Air,"189,999"
Apple,Apple Watch Ultra 3,"134,999"
Apple,Apple Watch SE 3,"42,999"
Apple,Apple Watch Series 11 Aluminum,"62,999"
Apple,Apple Watch Series 11,"61,999"
GDL,GDL GigaX Y30,"9,490"
GDL,GDL GigaX Y21,"9,290"
GDL,GDL GigaX Y10,"8,990"
Honor,Honor Play10,"8,999"
Itel,Itel Super 26 Ultra,"19,990"
Samsung,Samsung Galaxy S25 FE,"99,999"
Realme,Realme 15T,"32,999"
Tecno,Tecno Pova Slim,"29,999"
Honor,Honor X7d 4G,"23,999"
Samsung,Samsung Galaxy A07 4G,"17,199"
Realme,Realme Note 70,"14,999"
Tecno,Tecno Watch 3 Active,"2,699"
Google,Google Pixel 10 Pro XL,"154,999"
Google,Google Pixel 10 Pro,"139,999"
Google,Google Pixel 10,"109,999"
Walton,Walton XANON X1 Ultra,"18,999"
Symphony,Symphony BL103,"1,190"
Symphony,Symphony Hero30mini,"1,050"
Infinix,Infinix Hot 60i,"16,999"
Vivo,Vivo V60,"64,999"
Honor,Honor Play 10C,"8,999"
Infinix,Infinix GT 30,"30,999"
Samsung,Samsung Galaxy A17,"28,899"
Symphony,Symphony Innova 40,"10,999"
Xiaomi,Xiaomi Redmi 15 4G,"18,999"
Vivo,Vivo Y400 4G,"27,999"
Honor,Honor Pad X7,"12,999"
Itel,Itel Smart Watch Fit O25,"3,300"
Realme,Realme 15 Pro,"59,999"
Realme,Realme 15,"44,999"
Proton,Proton X20 Pro,"11,500"
Tecno,Tecno Spark 40C,"12,499"
Symphony,Symphony D90,"1,220"
Symphony,Symphony L152,"1,440"
ZTE,ZTE Blade A35e,"10,499"
Xiaomi,Xiaomi Redmi 15C 4G,"15,999"
Samsung,Samsung Galaxy Watch8 Classic,"42,999"
Samsung,Samsung Galaxy Watch8,"33,999"
OnePlus,OnePlus Watch 3 43mm,"28,999"
OnePlus,OnePlus Nord CE5,"34,999"
OnePlus,OnePlus Nord 5,"53,999"
Infinix,Infinix Hot 60 Pro+,"24,999"
Infinix,Infinix Hot 60 Pro,"18,999"
Tecno,Tecno Pova 7 Pro,"34,999"
Tecno,Tecno Spark 40 Pro+,"24,999"
Tecno,Tecno Spark 40 Pro,"19,999"
Tecno,Tecno Spark 40 4G,"13,999"
Honor,Honor Magic V5,"219,999"
Infinix,Infinix Xwatch 3 Chic,"4,799"
Symphony,Symphony S100,"2,300"
Symphony,Symphony L48,"1,320"
Symphony,Symphony A20,960
Symphony,Symphony D44,"1,250"
Symphony,Symphony L256,"1,520"
Infinix,Infinix Hot 60i 4G,"14,999"
Oppo,Oppo Reno14 F,"42,990"
ZTE,ZTE Blade A36,"12,999"
Infinix,Infinix Smart 10 Plus,"12,999"
Infinix,Infinix Smart 10,"11,999"
OnePlus,OnePlus Pad Lite,"24,999"
ZTE,ZTE Blade A56,"13,999"
Honor,Honor X6c,"14,999"
Xiaomi,Xiaomi Redmi Pad 2,"24,999"
OnePlus,OnePlus Pad 3,"73,499"
Walton,Walton NEXG N75,"13,999"
Tecno,Tecno Spark Go 2,"9,999"
Infinix,Infinix Xpad 20,"19,999"
Tecno,Tecno Pova Curve,"32,999"
Walton,Walton Orbit Y13,"7,999"
Honor,Honor Pad 10,"37,999"
Vivo,Vivo Y19s Pro,"15,499"
Infinix,Infinix GT 30 Pro,"37,999"
Realme,Realme C71,"14,999"
Walton,Walton ZENX 2,"10,999"
Oppo,Oppo Reno14,"79,990"
Huawei,Huawei Watch Fit 4 Pro,"26,000"
Huawei,Huawei Watch Fit 4,"15,999"
Oppo,Oppo Pad SE,"31,990"
Oppo,Oppo A5 4G,"19,990"
Oppo,Oppo A5x 4G,"13,990"
Itel,Itel City 100,"11,990"
Benco,Benco V90i,"9,499"
Realme,Realme 14T,"31,999"
Walton,Walton NEXG N27,"14,999"
OnePlus,OnePlus Pad 4,"94,999"
Itel,Itel A90,"8,990"
Symphony,Symphony L137,"1,390"
Symphony,Symphony Z72,"8,999"
Honor,Honor 400 Lite,"32,999"
Realme,Realme 14,"41,999"
Coolpad,Coolpad CP12 Neo,"12,490"
Proton,Proton P25 Ultra,"8,500"
Honor,Honor Pad X9a,"22,999"
Infinix,Infinix Note 50 Pro+,"54,999"
GDL,GDL G801,"1,300"
GDL,GDL G702,"1,400"
Google,Google Pixel 9a,"69,999"
Helio,Helio 100,"19,999"
Vivo,Vivo V50 Lite 4G,"29,999"
Xiaomi,Xiaomi Redmi A5 4G,"10,999"
Symphony,Symphony Max 10,"7,999"
Walton,Walton ZENX 1T,"12,999"
Realme,Realme C75x,"17,999"
Apple,Apple iPad Air 11 (2025),"84,999"
Apple,Apple iPad (2025),"59,999"
Oppo,Oppo A5 Pro 4G,"26,990"
Infinix,Infinix Note 50 Pro 4G,"31,999"
Infinix,Infinix Note 50 4G,"27,999"
Tecno,Tecno Camon 40 Pro,"34,999"
Tecno,Tecno Camon 40 Pro 4G,"27,999"
Tecno,Tecno Camon 40,"22,499"
Itel,Itel Power 70,"10,990"
Samsung,Samsung Galaxy M06,"21,199"
Vivo,Vivo Y04,"11,999"
Samsung,Samsung Galaxy A36,"42,999"
Samsung,Samsung Galaxy A26,"39,599"
Samsung,Samsung Galaxy A56,"54,999"
Walton,Walton Orbit Y71,"8,999"
Walton,Walton XANON X91,"30,999"
Oppo,Oppo Watch X2,"49,990"
Coolpad,Coolpad X100,"22,990"
Apple,Apple iPhone 16e,"114,999"
GDL,GDL Victor,"1,490"
GDL,GDL Go 4G,"2,150"
OnePlus,OnePlus Watch 3,"31,999"
Vivo,Vivo Y29 4G,"19,999"
Villaon,Villaon V40s,"8,490"
Samsung,Samsung Galaxy S25 Ultra,"236,999"
Samsung,Samsung Galaxy S25+,"181,999"
Honor,Honor X8c,"34,999"
Honor,Honor 400 Pro,"79,999"
Honor,Honor 400,"59,999"
Xiaomi,Xiaomi Redmi Note 14 Pro 4G,"27,999"
Xiaomi,Xiaomi Redmi Note 14 4G,"23,999"
Oppo,Oppo Reno13 F 4G,"34,990"
Walton,Walton NEXG N10 Ultra,"16,666"
GDL,GDL Cool,990
GDL,GDL G7,"1,450"
GDL,GDL Elite,"1,850"
GDL,GDL G608,"1,350"
GDL,GDL G903,"1,200"
GDL,GDL G303,"1,250"
GDL,GDL Ultra,"1,000"
GDL,GDL Leader,"1,850"
GDL,GDL G304,"1,190"
GDL,GDL G301+,"1,190"
Infinix,Infinix Smart 9 HD,"9,999"
Coolpad,Coolpad Cool 40i,"11,490"
Proton,Proton X10 Pro,"10,800"
Walton,Walton Olvio MH22i,"1,400"
Walton,Walton Olvio MH23i,"1,300"
GDL,GDL G606,"1,350"
GDL,GDL Classic,"1,050"
GDL,GDL G8+,"1,450"
GDL,GDL G71,"1,450"
GDL,GDL G603,"1,390"
GDL,GDL G80,"1,590"
GDL,GDL G36,"1,490"
GDL,GDL G301,"1,190"
GDL,GDL G8,"1,450"
GDL,GDL G501,"1,020"
Walton,Walton ZENX 1,"11,441"
Realme,Realme Note 60x,"11,999"
Honor,Honor X9c Smart,"23,999"
Symphony,Symphony S75,"1,799"
Symphony,Symphony S72,"1,899"
Symphony,Symphony EVO 10,"2,250"
Symphony,Symphony BL125,"1,250"
Symphony,Symphony T94,"1,550"
Walton,Walton XANON X21,"23,999"
Realme,Realme C75 4G,"19,999"
Oppo,Oppo Reno13,"69,990"
ZTE,ZTE Blade V70 Design,"12,999"
Vivo,Vivo V50,"62,999"
Itel,Itel S25 Ultra,"17,990"
Itel,Itel S25,"13,990"
Honor,Honor X9c,"44,999"
Vivo,Vivo V40 Lite 4G,"28,999"
Honor,Honor X5b Plus,"12,999"
Honor,Honor X5b,"10,999"
Infinix,Infinix Hot 50 Pro+ 4G,"23,999"
Infinix,Infinix Hot 50 Pro 4G,"18,999"
Honor,Honor X7c 4G,"22,999"
Apple,Apple iPad mini (2024),"82,999"
Vivo,Vivo Y19s,"15,499"
Vivo,Vivo X200,"139,999"
Tecno,Tecno Camon 30S,"27,999"
Samsung,Samsung Galaxy A16 5G,"26,499"
Walton,Walton NEXG N74,"13,499"
ZTE,ZTE Blade A55,"9,999"
Infinix,Infinix Hot 50 4G,"16,999"
Samsung,Samsung Galaxy Tab S10+,"193,599"
Samsung,Samsung Galaxy S24 FE,"132,199"
Xiaomi,Xiaomi Redmi Watch 5 Lite,"7,299"
Tecno,Tecno Spark 30 Pro,"20,999"
ZTE,ZTE Blade A35,"7,999"
Tecno,Tecno Spark 30,"17,999"
Infinix,Infinix Hot 50i,"13,999"
Helio,Helio 90,"19,999"
Walton,Walton NEXG N26,"14,999"
Huawei,Huawei Watch GT 5,"27,999"
Infinix,Infinix Smart 9,"9,999"
Itel,Itel A80,"9,990"
Tecno,Tecno Phantom V Fold2,"139,999"
Umidigi,Umidigi G9T,"10,990"
Umidigi,Umidigi G9C,"12,990"
Umidigi,Umidigi G9A,"8,990"
Apple,Apple Watch Series 10,"65,999"
Tecno,Tecno Spark 30C,"15,999"
Apple,Apple iPhone 16 Pro Max,"249,999"
Apple,Apple iPhone 16 Pro,"209,999"
Apple,Apple iPhone 16 Plus,"184,999"
Apple,Apple iPhone 16,"129,999"
Benco,Benco V91 Plus,"12,499"
Benco,Benco V91c,"10,499"
Xiaomi,Xiaomi Redmi 14C,"13,999"
Realme,Realme Note 60,"11,999"
Symphony,Symphony ATOM 5,"8,999"
Symphony,Symphony G27 Lite,"7,399"
Xiaomi,Xiaomi Redmi Watch 5 Active,"4,299"
Umidigi,Umidigi G9 5G,"14,990"
Walton,Walton NEXG N10,"15,499"
Tecno,Tecno Spark Go 1,"10,999"
Oppo,Oppo A3 4G,"19,990"
Oppo,Oppo A3x 4G,"13,990"
Vivo,Vivo Y03t,"11,999"
Symphony,Symphony D54 Pro,"1,550"
Symphony,Symphony B80,990
Walton,Walton Orbit Y70c,"9,047"
Google,Google Pixel 9 Pro XL,"124,999"
Google,Google Pixel 9,"89,999"
Symphony,Symphony G27,"7,999"
Itel,Itel A50C,"7,390"
Oppo,Oppo Reno12 F 4G,"29,990"
OnePlus,OnePlus Pad 2,"59,999"
Symphony,Symphony S80,"2,199"
Samsung,Samsung Galaxy Z Fold6,"315,999"
Samsung,Samsung Galaxy Watch Ultra,"43,999"
Samsung,Samsung Galaxy Watch7,"20,999"
Itel,Itel A50,"6,990"
Samsung,Samsung Galaxy Z Flip6,"208,999"
Honor,Honor Magic V3,"219,999"
Infinix,Infinix Note 40s,"26,999"
Vivo,Vivo Y28 4G,"20,999"
Realme,Realme C61,"14,999"
Samsung,Samsung Galaxy A06,"14,399"
Oppo,Oppo Reno12 F,"42,990"
Realme,Realme 12 4G,"27,999"
Oppo,Oppo Reno12,"59,990"
Coolpad,Coolpad Cool 30 Play,"16,990"
Vivo,Vivo V40,"62,999"
OnePlus,OnePlus Nord CE4 Lite,"27,999"
Helio,Helio 40,"13,199"
Honor,Honor X6b 4G,"10,999"
Benco,Benco S1 Plus,"17,499"
Benco,Benco V90 Plus,"8,999"
Symphony,Symphony L142,"1,499"
Symphony,Symphony B100,"1,050"
Xiaomi,Xiaomi Redmi 13,"17,999"
Helio,Helio 50,"14,699"
Walton,Walton Orbit Y12,"8,599"
Walton,Walton XANON X90,"29,999"
Coolpad,Coolpad C15,"13,999"
Honor,Honor 200 Pro,"84,999"
Honor,Honor 200,"52,999"
Nokia,Nokia 3210,"6,500"
Apple,Apple iPad Pro 13 (2024),"209,999"
Apple,Apple iPad Pro 11 (2024),"137,999"
Apple,Apple iPad Air 13 (2024),"133,999"
Apple,Apple iPad Air 11 (2024),"82,999"
Symphony,Symphony Innova 20,"10,199"
Vivo,Vivo Y18,"15,999"
Oppo,Oppo A60,"24,990"
Realme,Realme C63,"16,999"
Itel,Itel RS4,"19,990"
Vivo,Vivo V30 Lite 4G,"29,999"
Realme,Realme C65,"19,999"
Itel,Itel S24,"13,990"
Samsung,Samsung Galaxy M55,"70,499"
Infinix,Infinix Note 40 Pro 4G,"30,999"
Infinix,Infinix Note 40,"26,999"
Symphony,Symphony Innova 30,"11,699"
Walton,Walton NEXG N73,"13,999"
Vivo,Vivo Y03,"11,999"
Samsung,Samsung Galaxy A35,"54,999"
Samsung,Samsung Galaxy A55,"78,999"
Samsung,Samsung Galaxy M14 4G,"18,299"
Symphony,Symphony Z70,"9,499"
Walton,Walton NEXG N9,"17,999"
Tecno,Tecno Camon 30 Premier,"69,999"
Tecno,Tecno Camon 30,"24,999"
Xiaomi,Xiaomi Redmi A3,"12,499"
Walton,Walton NEXG N72,"11,999"
Vivo,Vivo V30,"59,999"
OnePlus,OnePlus Nord N30 SE,"16,999"
Itel,Itel it2171,"1,050"
Itel,Itel P55+,"14,490"
Itel,Itel P55,"11,990"
Realme,Realme Note 50,"10,999"
Samsung,Samsung Galaxy S24 Ultra,"243,999"
Walton,Walton NEXG N25,"14,999"
Xiaomi,Xiaomi Redmi Note 13 4G,"22,999"
Honor,Honor Magic6 Pro,"129,999"
ZTE,ZTE Blade A54,"9,999"
Tecno,Tecno Spark 20 Pro +,"26,999"
Coolpad,Coolpad Cool 30i,"14,490"
Samsung,Samsung Galaxy M15,"23,999"
Realme,Realme C67 4G,"22,999"
Walton,Walton Olvio MM26i,"1,250"
Tecno,Tecno Spark 20 Pro,"21,999"
Honor,Honor X8B,"30,999"
Samsung,Samsung Galaxy A15 5G,"28,699"
Infinix,Infinix Hot 40 Pro,"19,999"
Infinix,Infinix Hot 40,"17,999"
Walton,Walton NEXG N71 Plus,"12,999"
Tecno,Tecno Spark 20,"16,999"
ZTE,ZTE Blade V50 Design 4G,"14,499"
Infinix,Infinix Smart 8 Pro,"11,499"
Honor,Honor X7b,"23,999"
Oppo,Oppo Pad 3,"59,990"
Honor,Honor Pad 9,"36,999"
Walton,Walton Orbit Y70,"8,999"
Xiaomi,Xiaomi Redmi 13C,"14,499"
Symphony,Symphony FiRE30,"1,699"
Symphony,Symphony L280,"1,599"
Vivo,Vivo Y27s,"22,999"
Huawei,Huawei MatePad SE 10.4,"25,999"
Itel,Itel A70,"9,490"
Walton,Walton NEXG N8,"16,499"
Vivo,Vivo V29e,"36,999"
Infinix,Infinix Hot 40i,"13,999"
Tecno,Tecno Spark Go 2024,"9,999"
Samsung,Samsung Galaxy Tab A9+,"49,999"
Honor,Honor X9B,"41,999"
Tecno,Tecno Spark 20C,"12,999"
Walton,Walton NEXG N6 LITE,"12,999"
ZTE,ZTE Blade A53,"9,999"
Itel,Itel S23+,"19,990"
Symphony,Symphony L34,"1,350"
Vivo,Vivo Y17s,"13,999"
Helio,Helio 80,"16,999"
Huawei,Huawei Watch GT 4,"27,499"
Benco,Benco V90,"9,199"
Benco,Benco V82,"7,899"
Benco,Benco V62,"7,499"
Walton,Walton NEXG N71,"11,499"
Benco,Benco V91,"9,999"
Tecno,Tecno Camon 20 Pro 5G Mr Doodle Edition,"24,990"
Tecno,Tecno Camon 20 Pro Mr Doodle Edition,"24,990"
Itel,Itel A05s,"7,490"
Samsung,Samsung Galaxy A05s,"17,599"
Walton,Walton Walpad 10H,"18,995"
Walton,Walton Walpad 8G,"15,750"
Walton,Walton Prelude S41,"25,990"
Walton,Walton Walpad 10S,"26,990"
Oppo,Oppo A38,"14,990"
Oppo,Oppo A18,"13,490"
ZTE,ZTE Blade A73,"11,999"
Samsung,Samsung Galaxy Tab A9,"34,999"
ZTE,ZTE Blade A72s,"13,999"
Realme,Realme 11X,"22,000"
Xiaomi,Xiaomi Redmi Watch 3 Active,"4,299"
Walton,Walton Walpad 10H Pro,"21,850"
Honor,Honor X5 Plus,"13,999"
Symphony,Symphony G26,"6,999"
Walton,Walton XANON X20,"20,499"
Apple,Apple Watch Ultra 2,"129,999"
Oppo,Oppo A58 4G,"20,990"
Coolpad,Coolpad CP12,"9,990"
Huawei,Huawei MatePad 11.5,"49,999"
Benco,Benco S1 Pro,"14,999"
Honor,Honor X6a,"14,999"
Honor,Honor Pad X9,"22,999"
Honor,Honor Watch 4,"14,999"
Tecno,Tecno Phantom V Flip,"80,990"
Symphony,Symphony L255,"1,550"
ZTE,ZTE Nubia Neo,"21,499"
Itel,Itel A60S,"8,990"
Walton,Walton Orbit Y11,"5,576"
Symphony,Symphony Z60 Plus,"11,999"
Oppo,Oppo A78 4G,"27,990"
Walton,Walton XPLAY 101,"1,599"
Realme,Realme C51,"13,999"
Honor,Honor 90 Lite,"29,999"
Itel,Itel S23,"10,490"
Walton,Walton NEXG N70,"10,999"
Vivo,Vivo Y27,"22,999"
Nokia,Nokia 105 (2023),"2,350"
Nokia,Nokia 106 (2023),"2,490"
Nokia,Nokia 110 (2023),"3,000"
Honor,Honor Magic V2,"199,999"
Infinix,Infinix Smart 8,"10,499"
Realme,Realme C53,"15,999"
Vivo,Vivo Y36,"26,999"
Symphony,Symphony hero20,"1,170"
Symphony,Symphony S70,"1,999"
Symphony,Symphony D43,"1,250"
Vivo,Vivo Y02t,"14,999"
Symphony,Symphony Innova 10,"10,599"
Walton,Walton Orbit Y21,"8,499"
Vivo,Vivo V29,"56,999"
Symphony,Symphony Z60,"9,999"
Benco,Benco S1,"11,990"
Infinix,Infinix Note 30 Pro,"27,999"
Infinix,Infinix Note 30,"18,999"
Tecno,Tecno Camon 20 Pro,"24,990"
Walton,Walton NEXG N6,"14,999"
Lava,Lava Blaze 2,"12,999"
Tecno,Tecno Camon 20,"19,990"
Samsung,Samsung Galaxy A24 4G,"39,999"
Itel,Itel P40,"8,990"
Infinix,Infinix Hot 30i,"11,599"
Infinix,Infinix Hot 30,"14,999"
Xiaomi,Xiaomi Redmi Note 12 4G,"19,999"
Symphony,Symphony i96,"7,999"
Itel,Itel A60,"7,590"
OnePlus,OnePlus Nord CE 3 Lite,"37,999"
Tecno,Tecno Spark 10 Pro,"13,999"
Realme,Realme C55,"20,999"
Apple,Apple iPhone 15 Plus,"179,999"
Nokia,Nokia C32,"13,499"
Nokia,Nokia C22,"9,999"
Lava,Lava Yuva 2 Pro,"10,999"
Tecno,Tecno Spark 10C,"11,990"
Samsung,Samsung Galaxy S23 FE,"109,999"
Symphony,Symphony B70,"1,180"
Honor,Honor X8a,"25,499"
Samsung,Samsung Galaxy A05,"14,999"
Tecno,Tecno Pop 7,"9,690"
ZTE,ZTE Blade V40 Design,"15,999"
Walton,Walton Orbit Y20,"8,999"
Xiaomi,Xiaomi Redmi A2+,"9,999"
Walton,Walton Olvio i201,"1,130"
Tecno,Tecno Spark Go 2023,"10,990"
Honor,Honor X9a,"36,999"
TCL,TCL 408,"11,500"
Symphony,Symphony D89,"1,290"
Honor,Honor X7a,"19,999"
Honor,Honor 90,"57,999"
Symphony,Symphony SYMTAB 80,"11,500"
Xiaomi,Xiaomi Redmi 12C,"11,999"
Xiaomi,Xiaomi Redmi 12,"16,499"
Symphony,Symphony Theater20,"1,999"
Symphony,Symphony T93,"1,490"
Oppo,Oppo Reno8 T,"32,990"
Vivo,Vivo Y02,"11,999"
Symphony,Symphony i73,"7,499"
Samsung,Samsung Galaxy A14 5G,"24,899"
Symphony,Symphony L47,"1,440"
Symphony,Symphony M50,"1,700"
Samsung,Samsung Galaxy M14,"31,999"
Symphony,Symphony Z47,"11,499"
Symphony,Symphony ATOM 3,"9,999"
Itel,Itel Vision 5 Plus,"13,690"
Vivo,Vivo V27,"54,999"
Xiaomi,Xiaomi 13 Lite,"49,999"
Google,Google Pixel 8 Pro,"79,999"
Symphony,Symphony i85,"7,199"
Samsung,Samsung Galaxy A04e,"14,899"
Itel,Itel A49 Play,"7,990"
Infinix,Infinix Hot 20S,"18,999"
Walton,Walton Olvio S35,"1,690"
Walton,Walton Olvio M200,"1,299"
Tecno,Tecno Pova 4 Pro,"26,990"
Infinix,Infinix Hot 20i,"11,499"
Itel,Itel A24 Pro,"6,990"
Infinix,Infinix Note 12 (2023),"19,999"
Walton,Walton Orbit Y50,"10,999"
Huawei,Huawei MatePad T 10,"15,949"
Oppo,Oppo F21s Pro,"29,990"
Walton,Walton Primo HM7,"11,499"
Symphony,Symphony V139,"7,000"
Honor,Honor Pad X8,"13,499"
Symphony,Symphony L145,"1,630"
Symphony,Symphony L136,"1,470"
Symphony,Symphony B62,"1,160"
Symphony,Symphony S30,"1,490"
Symphony,Symphony A30,"1,060"
Walton,Walton Olvio E100,"1,450"
Realme,Realme C30s,"10,999"
Oppo,Oppo A17K,"12,990"
Tecno,Tecno Pova Neo 2,"18,990"
Oppo,Oppo A77s,"24,990"
Xiaomi,Xiaomi Redmi A1+,"11,999"
Realme,Realme C33,"12,999"
Vivo,Vivo Y22s,"21,999"
Xiaomi,Xiaomi Redmi A1,"9,190"
Samsung,Samsung Galaxy Z Fold5,"299,999"
Samsung,Samsung Galaxy Z Flip5,"183,999"
Nokia,Nokia 105 (2022),"2,099"
Vivo,Vivo Y16,"14,999"
Symphony,Symphony Z42 Pro,"12,490"
Samsung,Samsung Galaxy A34,"56,699"
Infinix,Infinix Note 12 Pro,"26,499"
Vivo,Vivo Y02s,"12,599"
Infinix,Infinix Hot 20,"14,999"
Honor,Honor Pad 8,"24,999"
Walton,Walton Olvio i100,999
Walton,Walton Primo GH10i,"7,999"
Helio,Helio 30,"16,499"
Symphony,Symphony Z55,"11,999"
Vivo,Vivo V25e,"34,999"
Symphony,Symphony i71,"7,400"
Symphony,Symphony V138 Lite,"6,590"
Nothing,Nothing phone (1),"66,990"
Walton,Walton Primo R9,"10,190"
OnePlus,OnePlus Nord N20 SE,"18,990"
Tecno,Tecno Camon 19 Neo,"17,990"
Oppo,Oppo A57 4G,"18,990"
Vivo,Vivo V25,"47,999"
Realme,Realme C30,"10,999"
Infinix,Infinix Note 12 (G96),"22,999"
Samsung,Samsung Galaxy S23 Ultra,"197,999"
Samsung,Samsung Galaxy A04s,"19,999"
Samsung,Samsung Galaxy A04,"16,999"
Walton,Walton Olvio L30,"1,080"
Walton,Walton Olvio RL1910,"1,150"
Infinix,Infinix Hot 12 Play,"13,999"
Infinix,Infinix Smart 6 HD,"9,999"
Symphony,Symphony G50,"5,990"
Walton,Walton Primo GH11,"9,523"
Infinix,Infinix Note 12 (G88),"19,999"
Walton,Walton Primo S8 Mini,"14,999"
Symphony,Symphony Z42,"11,100"
Samsung,Samsung Galaxy Watch5,"44,499"
Walton,Walton Olvio L28s,"1,110"
Samsung,Samsung Galaxy F13,"23,399"
Symphony,Symphony i80,"7,499"
Infinix,Infinix Hot 12i,"12,499"
Infinix,Infinix Smart 6 Plus,"10,999"
Itel,Itel A49,"8,690"
Motorola,Motorola Moto E32,"15,999"
OnePlus,OnePlus 11,"99,990"
Nokia,Nokia C2 2nd edition,"8,499"
Walton,Walton Olvio MH23,"1,410"
Walton,Walton Primo H10,"13,999"
Realme,Realme Pad Mini,"21,349"
Symphony,Symphony Z45,"11,490"
OnePlus,OnePlus Nord CE 2 Lite 5G,"31,990"
Tecno,Tecno Spark 8C,"13,490"
OnePlus,OnePlus Nord 2T,"54,990"
OnePlus,OnePlus Nord CE 2 5G,"35,990"
Itel,Itel Vision 3,"8,790"
Xiaomi,Xiaomi Redmi 10C,"14,999"
Oppo,Oppo A76,"22,990"
Symphony,Symphony V138,"6,490"
Tecno,Tecno Pop 6 Pro,"10,490"
Nokia,Nokia G21,"18,999"
Walton,Walton Primo EF10,"6,300"
Honor,Honor Watch GS 3,"12,999"
Vivo,Vivo Y01,"10,990"
Infinix,Infinix Hot 12,"14,499"
Xiaomi,Xiaomi Redmi Note 11s,"27,999"
Vivo,Vivo Y21T,"17,990"
Realme,Realme C31,"13,990"
Walton,Walton Primo GM4,"7,499"
Apple,Apple iPhone 15 Pro Max,"219,999"
Apple,Apple iPhone 15 Pro,"179,999"
Apple,Apple iPhone 15,"122,999"
Walton,Walton Primo S8,"20,990"
Walton,Walton Olvio MM26,"1,250"
Samsung,Samsung Galaxy Tab A8 10.5 (2021),"35,999"
Symphony,Symphony Z22,"8,390"
Xiaomi,Xiaomi 12 Pro,"99,999"
Tecno,Tecno Spark Go 2022,"9,990"
Samsung,Samsung Galaxy A54,"53,999"
Samsung,Samsung Galaxy A23,"31,499"
Tecno,Tecno Pop 5 LTE,"9,990"
Xiaomi,Xiaomi Redmi 10 2022,"18,199"
Realme,Realme C35,"16,999"
Realme,Realme Narzo 50A Prime,"16,999"
Samsung,Samsung Galaxy Z Flip4,"147,999"
Samsung,Samsung Galaxy A33 5G,"49,999"
Vivo,Vivo Y15s,"14,599"
Symphony,Symphony D76,"1,330"
Symphony,Symphony L44,"1,330"
Symphony,Symphony L33,"1,490"
Xiaomi,Xiaomi Redmi Note 12 Pro,"37,999"
Realme,Realme 9i,"20,999"
Xiaomi,Xiaomi 11i HyperCharge 5G,"39,999"
Oppo,Oppo A95,"25,990"
Infinix,Infinix Smart 5 Pro,"9,490"
Vivo,Vivo Y22,"19,999"
Google,Google Pixel 7 Pro,"59,999"
Google,Google Pixel 7,"49,999"
Walton,Walton Olvio ML24,"1,090"
Walton,Walton Olvio MH22,"1,390"
Walton,Walton Olvio L28i,"1,110"
Samsung,Samsung Galaxy Z Fold4,"245,499"
Maximus,Maximus R1 Pro,"9,949"
Symphony,Symphony S45,"1,600"
Samsung,Samsung Galaxy M53,"58,599"
Vivo,Vivo X80,"76,990"
Symphony,Symphony i69,"6,990"
Xiaomi,Xiaomi Redmi 9 Activ,"13,999"
Xiaomi,Xiaomi Poco C31,"12,999"
Apple,Apple iPhone 14 Pro Max,"201,599"
Apple,Apple iPhone 14 Pro,"183,499"
Apple,Apple iPhone 14,"94,999"
Walton,Walton Primo RX9,"16,999"
Walton,Walton Primo GH10,"8,390"
Motorola,Motorola Moto E40,"15,999"
Apple,Apple iPhone 13 mini,"103,999"
Symphony,Symphony Z33,"9,390"
Symphony,Symphony i32,"6,499"
Realme,Realme C25Y,"14,290"
Xiaomi,Xiaomi 11 Lite 5G NE,"39,999"
Itel,Itel Vision 2s,"8,690"
Vivo,Vivo V23e,"27,990"
Vivo,Vivo V23 5G,"39,990"
Realme,Realme GT Neo2,"39,990"
Realme,Realme Narzo 50i,"11,990"
Infinix,Infinix Hot 11s,"14,990"
Symphony,Symphony BL99,"1,260"
Symphony,Symphony D78,"1,260"
Symphony,Symphony L43,"1,370"
Realme,Realme Narzo 50,"17,999"
Samsung,Samsung Galaxy M33,"38,999"
Symphony,Symphony G10+,"5,700"
Samsung,Samsung Galaxy A53 5G,"59,999"
Xiaomi,Xiaomi Pad 6,"42,999"
Xiaomi,Xiaomi Redmi 10 Prime,"19,499"
Xiaomi,Xiaomi Redmi 10,"18,999"
Samsung,Samsung Galaxy A52s 5G,"57,499"
Symphony,Symphony D48,"1,350"
Motorola,Motorola Edge 20 Fusion,"31,999"
Oppo,Oppo Reno6,"32,990"
Symphony,Symphony B69,"1,150"
Realme,Realme Pad,"20,990"
Tecno,Tecno Spark 8 Pro,"16,990"
Walton,Walton Primo E12,"5,299"
Samsung,Samsung Galaxy F23,"33,999"
Vivo,Vivo Y53s 4G,"22,990"
Walton,Walton Olvio P18,"1,330"
Realme,Realme GT Master Edition,"34,990"
Infinix,Infinix Note 11 Pro,"21,490"
Vivo,Vivo Y12A,"11,990"
Nokia,Nokia 110 4G,"3,799"
Nokia,Nokia 105 4G,"3,099"
Xiaomi,Xiaomi Redmi 10A,"12,999"
Walton,Walton Olvio L29,"1,060"
Walton,Walton Olvio L28,"1,110"
Walton,Walton Primo RX8 Mini,"12,999"
Symphony,Symphony ATOM II,"7,990"
Itel,Itel Vision 2 Plus,"8,990"
Realme,Realme C21Y,"12,990"
Samsung,Samsung Galaxy A03s,"18,599"
Oppo,Oppo A16,"14,990"
Itel,Itel A23 Pro,"4,990"
Realme,Realme Watch 2 Pro,"6,599"
OnePlus,OnePlus Nord CE 5G,"37,990"
Xiaomi,Xiaomi Redmi Note 8 2021,"17,999"
Infinix,Infinix Note 10,"15,990"
Walton,Walton Primo R8,"11,999"
Xiaomi,Xiaomi Redmi 9 Dual Camera,"12,999"
Xiaomi,Xiaomi Pad 5,"30,990"
Realme,Realme C25s,"14,499"
Samsung,Samsung Galaxy F22,"23,999"
Realme,Realme C20A,"8,990"
Tecno,Tecno Camon 17P,"18,990"
Walton,Walton Primo ZX4,"27,990"
Realme,Realme Watch 2,"4,699"
Walton,Walton Primo N5,"13,499"
Walton,Walton Olvio ML20,"1,100"
Walton,Walton Olvio L53,"1,150"
Walton,Walton Olvio MM24,"1,215"
Walton,Walton Olvio P16,"1,320"
Symphony,Symphony Z35,"10,490"
Infinix,Infinix Hot 10s,"12,990"
Xiaomi,Xiaomi Poco M2 Reloaded,"14,999"
Samsung,Samsung Galaxy S22 Ultra 5G,"159,999"
Samsung,Samsung Galaxy S22+ 5G,"129,999"
Walton,Walton Olvio Q40,"1,110"
Walton,Walton Olvio MM23,"1,200"
Walton,Walton Olvio MM22,860
Walton,Walton Olvio P17,"1,280"
Walton,Walton Olvio P15,"1,330"
Walton,Walton Olvio S34,"1,300"
Symphony,Symphony L46,"1,320"
Symphony,Symphony D47,"1,450"
Symphony,Symphony BL120,"1,299"
Motorola,Motorola Moto G40 Fusion,"20,999"
Vivo,Vivo V21e,"26,990"
Walton,Walton Primo F10,"5,799"
Walton,Walton Primo HM6,"8,299"
Walton,Walton Walpad 10P,"17,900"
Samsung,Samsung Galaxy Tab A7 Lite,"18,999"
Realme,Realme C11 (2021),"9,990"
OnePlus,OnePlus Watch,"12,490"
Motorola,Motorola Moto G60,"28,999"
Nokia,Nokia G20,"14,990"
Symphony,Symphony Z32,"8,590"
Walton,Walton Olvio L2,"1,025"
Samsung,Samsung Galaxy A22,"22,499"
Walton,Walton Primo NF5,"8,699"
Oppo,Oppo A54,"19,999"
Nokia,Nokia G10,"13,499"
Realme,Realme C25,"13,990"
Symphony,Symphony Z40,"10,490"
Motorola,Motorola Moto G10 Power,"15,599"
Xiaomi,Xiaomi Mi 11X,"39,999"
Xiaomi,Xiaomi Redmi Note 10S,"22,999"
Xiaomi,Xiaomi Redmi Note 10 Pro (64MP Edition),"25,999"
Symphony,Symphony Z18,"7,990"
Samsung,Samsung Galaxy A32,"26,999"
Xiaomi,Xiaomi Redmi Note 10 Pro Max,"28,999"
Walton,Walton Olvio L52,990
Symphony,Symphony L270,"1,700"
Walton,Walton Olvio MM25,"1,200"
Walton,Walton Primo RX8,"15,599"
Realme,Realme GT 5G,"32,500"
Samsung,Samsung Galaxy S21 FE 5G,"89,999"
Motorola,Motorola Moto E7 Power,"13,999"
Oppo,Oppo F19 Pro,"26,990"
Oppo,Oppo F19,"21,990"
Symphony,Symphony L140,"1,590"
Xiaomi,Xiaomi Poco X3 Pro,"29,999"
Symphony,Symphony i67,"6,190"
Symphony,Symphony ATOM,"7,990"
Vivo,Vivo Y20G,"17,990"
Motorola,Motorola Moto G30,"19,999"
Samsung,Samsung Galaxy Z Flip3 5G,"122,999"
Itel,Itel Vision 2,"8,990"
Xiaomi,Xiaomi Mi 11 Lite,"29,999"
Symphony,Symphony Z30 Pro,"10,890"
Huawei,Huawei P50 Pro,"124,999"
Tecno,Tecno Camon 17,"16,990"
Oppo,Oppo Reno5 4G,"35,990"
Apple,Apple iPhone 13 Pro Max,"162,999"
Apple,Apple iPhone 13 Pro,"147,999"
Apple,Apple iPhone 13,"84,999"
Oppo,Oppo Reno6 5G,"35,999"
Huawei,Huawei MatePad T 10s,"16,999"
Itel,Itel Vision 1 Pro,"7,290"
Vivo,"Vivo Y51 (2020, December)","21,990"
Xiaomi,Xiaomi Redmi 9 Power,"15,999"
Symphony,Symphony L260,"1,680"
Maximus,Maximus P11,"4,990"
Oppo,Oppo A17,"16,990"
Infinix,Infinix Hot 11 Play,"11,990"
Infinix,Infinix Hot 10 Play,"9,990"
Samsung,Samsung Galaxy A13,"20,999"
Vivo,Vivo V21,"32,990"
Symphony,Symphony L135,"1,450"
Symphony,Symphony D74,"1,199"
Symphony,Symphony D82,"1,370"
Symphony,Symphony T92,"1,420"
Samsung,Samsung Galaxy Z Fold3 5G,"225,999"
Xiaomi,Xiaomi Poco M3 Pro 5G,"23,999"
Xiaomi,Xiaomi Poco M3,"14,999"
Infinix,Infinix Smart HD 2021,"6,990"
OnePlus,OnePlus Nord 2 5G,"44,990"
Samsung,Samsung Galaxy M62,"34,999"
Nokia,Nokia 6300 4G,"5,299"
Nokia,Nokia 8000 4G,"8,999"
Walton,Walton Primo RM4,"10,599"
Realme,Realme C15 Qualcomm Edition,"12,990"
Itel,Itel A48,"6,690"
Infinix,Infinix Note 8i,"14,990"
Tecno,Tecno Spark 7,"11,499"
Nokia,Nokia 225 4G,"4,199"
Apple,Apple iPhone 12 Mini,"109,999"
Oppo,Oppo A15s,"13,990"
OnePlus,OnePlus Nord N100,"24,990"
Oppo,Oppo A15,"11,990"
Realme,Realme Narzo 30A,"12,990"
Realme,Realme Narzo 30,"19,990"
Samsung,Samsung Galaxy A73 5G,"77,499"
Xiaomi,Xiaomi 11T,"49,999"
Xiaomi,Xiaomi 11T Pro,"64,999"
Realme,Realme 9,"26,990"
Realme,Realme 9 Pro,"31,990"
Oppo,Oppo A33 (2020),"13,990"
Symphony,Symphony i98,"6,295"
Oppo,Oppo F21 Pro,"27,990"
Samsung,Samsung Galaxy M32,"23,999"
Realme,Realme 8 Pro,"27,990"
Realme,Realme 8,"25,990"
Oppo,Oppo Reno5 5G,"29,490"
OnePlus,OnePlus Nord N10 5G,"34,990"
Samsung,Samsung Galaxy S21 Ultra 5G,"139,999"
Apple,Apple Watch Series 6 Aluminum,"43,000"
Walton,Walton Primo GH9,"6,799"
Realme,Realme Narzo 20,"13,990"
Symphony,Symphony i99,"6,990"
Realme,Realme 7i,"18,990"
Samsung,Samsung Galaxy S21+ 5G,"122,999"
Tecno,Tecno Camon 16 Pro,"18,990"
Tecno,Tecno Camon 16,"14,990"
Tecno,Tecno Camon 16 Premier,"27,990"
Xiaomi,Xiaomi Poco M2,"15,999"
Tecno,Tecno Spark 6 Go,"8,990"
Samsung,Samsung Galaxy Tab A7 10.4 (2020),"28,990"
Samsung,Samsung Galaxy S20 FE,"64,999"
Vivo,Vivo Y91C 2020,"9,990"
Symphony,Symphony i12,"4,390"
Xiaomi,Xiaomi Poco X3 NFC,"25,999"
Oppo,Oppo F17,"22,990"
Nokia,Nokia 3.4,"14,999"
Oppo,Oppo F17 Pro,"27,990"
Maximus,Maximus G10 Max,"5,499"
Symphony,Symphony Z16,"8,290"
Realme,Realme C12,"10,990"
Samsung,Samsung Galaxy Note20,"99,999"
Symphony,Symphony L45,"1,350"
Symphony,Symphony B68,"1,090"
Vivo,Vivo Y21,"16,990"
Samsung,Samsung Galaxy A72,"43,999"
Samsung,Samsung Galaxy A12,"14,999"
Oppo,Oppo Reno4,"34,990"
OnePlus,OnePlus 8T,"59,990"
Infinix,Infinix Hot 10,"12,990"
Tecno,Tecno Spark 6,"12,490"
Tecno,Tecno Spark 6 Air,"9,990"
Vivo,Vivo V20,"32,990"
Motorola,Motorola Moto G9 Plus,"27,999"
Symphony,Symphony Z28,"8,990"
Realme,Realme C17,"15,990"
Itel,Itel A36,"5,290"
Vivo,Vivo Y1s,"9,999"
Xiaomi,Xiaomi Poco C3,"11,999"
Walton,Walton Primo HM5,"8,899"
Motorola,Motorola Moto G9 Play,"16,999"
Samsung,Samsung Galaxy M02s,"12,999"
Samsung,Samsung Galaxy M02,"9,599"
Samsung,Samsung Galaxy M01s,"11,999"
Samsung,Samsung Galaxy Z Fold2 5G,"266,999"
Huawei,Huawei MatePad T8,"13,999"
OnePlus,OnePlus Nord,"38,500"
Apple,Apple iPhone 12 Pro,"146,999"
Apple,Apple iPhone 12,"117,999"
Symphony,Symphony D72,870
Symphony,Symphony i66,"5,290"
Xiaomi,Xiaomi Poco M2 Pro,"22,999"
Tecno,TECNO Spark 5 Pro,"11,990"
Symphony,Symphony Z30,"9,790"
Xiaomi,Xiaomi Redmi Note 10 Pro (108MP Edition),"29,999"
Walton,Walton Primo E11,"4,299"
Realme,Realme 7 Pro,"27,990"
Samsung,Samsung Galaxy M01 Core,"7,999"
Tecno,TECNO Pouvoir 4,"11,990"
Realme,Realme C11,"8,990"
Symphony,Symphony G10,"4,290"
Xiaomi,Xiaomi Redmi 9A,"10,990"
Xiaomi,Xiaomi Redmi 9C,"10,999"
Samsung,Samsung Galaxy Note20 Ultra,"134,999"
Walton,Walton Primo H9,"7,899"
Huawei,Huawei Y8p,"25,499"
Xiaomi,Xiaomi Redmi Note 10,"19,999"
Nokia,Nokia 150 (2020),"3,499"
Samsung,Samsung Galaxy A21s,"16,999"
Vivo,Vivo Y30,"17,990"
Huawei,Huawei Y5p,"9,999"
Samsung,Samsung Galaxy M01,"11,999"
Oppo,Oppo A92,"22,990"
Oppo,Oppo A52,"19,990"
Apple,Apple iPhone 12 Pro Max,"161,999"
Xiaomi,Xiaomi Mi Note 10 Lite,"39,999"
Infinix,Infinix Note 7,"15,990"
Vivo,Vivo Y50,"20,990"
Huawei,Huawei MediaPad T3 7.0,"12,999"
Oppo,Oppo A12,"11,990"
Xiaomi,Xiaomi Redmi 9,"13,999"
Samsung,Samsung Galaxy Tab S6 Lite,"40,999"
Motorola,Motorola Moto G8 Power Lite,"14,999"
Huawei,Huawei P40 Pro,"109,999"
Samsung,Samsung Galaxy M51,"35,999"
Vivo,Vivo V19,"35,990"
Xiaomi,Xiaomi Redmi Note 9S,"22,999"
Nokia,Nokia 5310 (2020),"4,499"
Walton,Walton Primo NH5,"6,599"
Walton,Walton Primo GH8,"7,999"
Symphony,Symphony Z50,"10,990"
Realme,Realme 6i,"16,990"
Samsung,Samsung Galaxy M11,"14,999"
Symphony,Symphony D92,"1,120"
Walton,Walton Primo N4,"10,799"
Oppo,Oppo Watch,"22,990"
Itel,Itel Vision 1,"6,990"
Lava,Lava Iris 46,"4,290"
Lava,Lava Benco Iris 59,"5,999"
Symphony,Symphony i30,"5,499"
Walton,Walton Olvio L3,840
Walton,Walton Olvio ML19,"1,290"
Huawei,Huawei Color Band A2,"2,599"
Tecno,TECNO Camon 15,"15,990"
Tecno,TECNO Camon 15 Pro,"15,990"
Realme,Realme C3 (3 cameras),"10,990"
Samsung,Samsung Galaxy A31,"25,999"
Samsung,Samsung Galaxy S20 Ultra,"129,999"
Oppo,Oppo Reno3 Pro,"39,990"
Symphony,Symphony B26,790
Symphony,Symphony B24,"1,180"
Oppo,Oppo A31,"16,990"
Samsung,Samsung Galaxy S20+,"99,999"
Xiaomi,Xiaomi Redmi 8A Dual,"12,499"
Xiaomi,Xiaomi Redmi Note 9 Pro,"26,999"
Huawei,Huawei Y7p,"18,999"
Huawei,Huawei Nova 7i,"29,999"
Realme,Realme C3,"10,990"
Samsung,Samsung Galaxy Z Flip,"189,999"
Xiaomi,Xiaomi Redmi Note 9,"18,999"
Walton,Walton Primo S7 Pro,"20,500"
Tecno,TECNO Spark 4 Lite,"8,990"
Huawei,Huawei Y6s (2019),"12,599"
Symphony,Symphony V102,"3,890"
Oppo,Oppo F15,"26,990"
Symphony,Symphony Z12,"7,990"
Symphony,Symphony i74,"6,390"
Symphony,Symphony Z25,"8,990"
Symphony,Symphony V105,"4,190"
Nokia,Nokia C1,"6,499"
Realme,Realme 5i,"12,990"
Symphony,Symphony BL96,"1,230"
Nokia,Nokia 2.3,"11,999"
Samsung,Samsung Galaxy M31,"27,999"
Symphony,Symphony L250i,"1,450"
OnePlus,OnePlus 8,"59,990"
Realme,Realme 6,"22,990"
Huawei,Huawei MediaPad T3 8.0,"16,999"
Samsung,Samsung Galaxy Note10 Lite,"49,999"
Itel,Itel A25,"4,990"
Samsung,Samsung Galaxy A71,"34,999"
Vivo,Vivo S1 Pro,"26,990"
Infinix,Infinix Smart 4,"8,490"
Samsung,Samsung Galaxy A01,"9,999"
Walton,Walton Primo RX7 Mini,"9,499"
Symphony,Symphony Z20,"8,990"
Huawei,Huawei Y9s,"29,999"
Vivo,Vivo Y19 (2019),"20,990"
Symphony,Symphony S40,"1,290"
Symphony,Symphony E95,"2,990"
Symphony,Symphony L42,"1,299"
Walton,Walton Primo RX7,"13,999"
Samsung,Samsung Galaxy A51,"27,499"
Vivo,Vivo Y11 (2019),"12,990"
Infinix,Infinix S5,"13,990"
Symphony,Symphony i68,"5,990"
Lava,Lava Iris 61,"5,190"
Symphony,Symphony V99,"3,990"
Xiaomi,Xiaomi Redmi 8A,"10,999"
Xiaomi,Xiaomi Redmi Note 8,"17,499"
Huawei,Huawei Watch GT 2,"15,999"
Xiaomi,Xiaomi Redmi K20 Pro Premium,"45,000"
Huawei,Huawei Mate 30 Pro,"99,999"
OnePlus,OnePlus 7T Pro,"66,990"
Symphony,Symphony SL20,"1,190"
Itel,Itel S15 Pro,"7,890"
Itel,Itel A55,"6,990"
Lava,Lava Iris 43,"4,850"
Oppo,Oppo A5 (2020),"16,990"
Infinix,Infinix Hot 8,"12,990"
Samsung,Samsung Galaxy A20s,"15,999"
Oppo,Oppo A9 (2020),"20,990"
Nokia,Nokia 110 (2019),"2,399"
WE,WE V5,"8,999"
Lava,Lava Iris 42,"4,790"
Apple,Apple iPhone 11 Pro Max,"139,999"
Apple,Apple iPhone 11 Pro,"119,999"
Apple,Apple iPhone 11,"87,999"
Nokia,Nokia 7.2,"31,990"
Nokia,Nokia 6.2,"22,499"
Nokia,Nokia 800 Tough,"10,250"
Nokia,Nokia 2720 Flip,"7,999"
Walton,Walton Primo R6,"9,599"
Lenovo,Lenovo A6 Note,"13,990"
Samsung,Samsung Galaxy M30s,"27,490"
OnePlus,OnePlus 7T,"59,999"
Umidigi,Umidigi A5 Pro,"11,999"
Walton,Walton Primo E10,"4,500"
Walton,Walton Olvio L5,950
Xiaomi,Xiaomi Redmi Note 8 Pro,"24,999"
Samsung,Samsung Galaxy A50s,"29,990"
Samsung,Samsung Galaxy A30s,"22,990"
Huawei,Huawei Nova 5T,"49,999"
Xiaomi,Xiaomi Redmi 8,"13,999"
Walton,Walton Primo H8 Pro,"7,799"
Samsung,Samsung Galaxy A10s,"12,499"
Tecno,Tecno Spark 4 Air,"10,490"
Tecno,Tecno Spark Go (2019),"7,490"
Walton,Walton Primo R6 Max,"9,499"
Samsung,Samsung Galaxy Note10+,"144,500"
Vivo,Vivo Y90,"9,990"
Walton,Walton Primo F9,"5,199"
Walton,Walton Primo NF4 Turbo,"6,699"
Nokia,Nokia 105 (2019),"1,599"
Nokia,Nokia 220 4G,"3,999"
Honor,Honor 9X,"29,990"
Walton,Walton Primo S7,"14,999"
Samsung,Samsung Galaxy Tab A 8.0 (2019),"15,999"
Symphony,Symphony D41,"1,410"
Walton,Walton Primo H8 Turbo,"7,599"
Huawei,Huawei Y9 Prime (2019),"23,999"
Motorola,Motorola One Action,"26,990"
Nokia,Nokia 2.2,"9,999"
Vivo,Vivo Y12,"15,990"
Walton,Walton Olvio ML18,"1,150"
Symphony,Symphony B12+,980
Samsung,Samsung Galaxy M40,"24,490"
Vivo,Vivo Y15,"17,990"
Symphony,Symphony D54+,"1,700"
Symphony,Symphony Z15,"9,490"
Honor,Honor 20 Lite,"22,900"
Xiaomi,Xiaomi Redmi K20 Pro,"49,999"
Xiaomi,Xiaomi Redmi Note 7S,"19,999"
Umidigi,Umidigi One Pro,"19,990"
Umidigi,Umidigi One,"15,990"
Xiaomi,Xiaomi Redmi 7A,"11,499"
Symphony,Symphony D52+,"1,290"
Symphony,Symphony R40,"6,190"
Walton,Walton Olvio ML15,980
Xiaomi,Xiaomi Mi A3,"22,999"
Lava,Lava R5V,"11,990"
OnePlus,OnePlus 7 Pro,"68,999"
Maximus,Maximus P2,"5,750"
Itel,Itel P33,"6,190"
Huawei,Huawei Y5 (2019),"11,499"
Xiaomi,Xiaomi Redmi Y3,"15,999"
Oppo,Oppo A1k,"10,990"
Realme,Realme C2,"8,990"
Vivo,Vivo Y17,"22,990"
Honor,Honor 8S,"10,499"
Samsung,Samsung Galaxy A20,"15,990"
Walton,Walton Olvio S33,"1,350"
Symphony,Symphony L55i,"1,130"
Samsung,Samsung Galaxy A80,"77,490"
Oppo,Oppo Reno 10x Zoom,"79,990"
Samsung,Samsung Galaxy Tab A 8 (2019),"9,999"
Vivo,Vivo S1,"23,990"
Samsung,Samsung Galaxy A70,"38,990"
Huawei,Huawei P30 Pro,"89,999"
Samsung,Samsung Galaxy A2 Core,"7,590"
Oppo,Oppo Reno,"49,990"
Oppo,Oppo A5s,"13,990"
OnePlus,OnePlus 7,"49,000"
Vivo,Vivo Y91C,"9,990"
Vivo,Vivo V15,"27,990"
Oppo,Oppo F11,"25,990"
Realme,Realme 3,"17,490"
Nokia,Nokia 210,"3,085"
Nokia,Nokia 4.2,"13,999"
Samsung,Samsung Galaxy Watch Active,"23,490"
Samsung,Samsung Galaxy Tab A 10.1 (2019),"33,490"
Samsung,Samsung Galaxy Tab S5e,"66,490"
Samsung,Samsung Galaxy A30,"22,990"
Samsung,Samsung Galaxy A10,"11,999"
Huawei,Huawei Y6 Pro (2019),"12,999"
Samsung,Samsung Galaxy Watch,"27,990"
Apple,Apple iPhone 6s,"34,999"
Apple,Apple iPhone 6s Plus,"44,999"
Apple,Apple iPhone SE,"46,530"
Apple,Apple iPhone 7,"41,999"
Samsung,Samsung Galaxy S10e,"74,900"
Apple,Apple iPhone 7 Plus,"65,000"
Apple,Apple iPhone 8,"79,999"
Apple,Apple iPhone 8 Plus,"84,000"
Apple,Apple iPhone X,"89,999"
Samsung,Samsung Galaxy A50,"26,990"
Vivo,Vivo V15 Pro,"39,990"
Walton,Walton Primo E9,"3,899"
Symphony,Symphony i95,"6,490"
Huawei,Huawei P30 Lite,"29,999"
Samsung,Samsung Galaxy S10,"89,000"
Samsung,Samsung Galaxy S10+,"99,900"
Xiaomi,Xiaomi Redmi Go,"6,999"
Huawei,Huawei P30,"64,999"
Motorola,Motorola Moto G7 Power,"16,990"
Xiaomi,Xiaomi Redmi Note 7 Pro,"24,999"
Symphony,Symphony M95,"1,450"
Xiaomi,Xiaomi Redmi Note 7,"17,999"
Nokia,Nokia 150,"2,990"
Symphony,Symphony T140,"1,490"
Oppo,Oppo F5 Youth,"21,990"
Samsung,Samsung Galaxy M10,"11,999"
Samsung,Samsung Galaxy M20,"15,900"
Huawei,Huawei Y7 Pro (2019),"14,999"
Honor,Honor 8A,"11,999"
Xiaomi,Xiaomi Redmi 7,"12,999"
Huawei,Huawei Nova 4,"45,990"
Nokia,Nokia 130 Dual (2017),"2,599"
Huawei,Huawei Nova 3e,"27,990"
Walton,Walton Primo X5,"24,999"
Nokia,Nokia 3310 4G,"8,700"
Nokia,Nokia 8110 4G,"7,200"
Realme,Realme 2 Pro,"18,500"
Infinix,Infinix S3X,"10,000"
Symphony,Symphony BL95,"1,440"
OnePlus,OnePlus 6T,"53,000"
Nokia,Nokia 106 (2018),"1,850"
Lenovo,Lenovo A5,"10,690"
Motorola,Motorola One,"20,990"
Motorola,Motorola Moto E5 Plus,"14,990"
Honor,Honor 10 Lite,"19,990"
Huawei,Huawei Y9 (2018),"17,000"
Oppo,Oppo A7,"18,990"
Google,Google Pixel 3,"71,990"
Google,Google Pixel 2,"15,000"
Vivo,Vivo Y93,"13,990"
Realme,Realme C1,"11,599"
Oppo,Oppo F9 (F9 Pro),"28,990"
Oppo,Oppo A3s,"12,990"
Oppo,Oppo A5 (AX5),"18,990"
Xiaomi,Xiaomi Mi Mix 3,"47,990"
Oppo,Oppo F7,"24,990"
Oppo,Oppo A71 (2018),"12,500"
Apple,Apple iPhone XS Max,"108,000"
Apple,Apple iPhone XS,"115,000"
Apple,Apple iPhone XR,"82,000"
Xiaomi,Xiaomi Redmi Note 6 Pro,"14,999"
Xiaomi,Xiaomi Pocophone F1,"29,999"
Xiaomi,Xiaomi Redmi 6A,"9,499"
Samsung,Samsung Galaxy Note9,"94,900"
Xiaomi,Xiaomi Redmi S2 (Redmi Y2),"14,999"
Samsung,Samsung Galaxy S9 Plus,"70,900"
Huawei,Huawei Mate 20 Pro,"89,990"
Huawei,Huawei Y9 (2019),"21,490"
Huawei,Huawei Nova 3i,"22,999"
Huawei,Huawei Nova 3,"39,500"
Honor,Honor 7s,"9,599"
Nokia,Nokia 7.1,"33,999"
Nokia,Nokia 6.1 Plus,"27,990"
Nokia,Nokia 6.1,"29,100"
Nokia,Nokia 5.1 Plus,"21,990"
Nokia,Nokia 5.1,"21,990"
Nokia,Nokia 3.1 Plus,"18,500"
Nokia,Nokia 3.1,"11,500"
Nokia,Nokia 5,"17,500"
Xiaomi,Xiaomi Mi A2 Lite (Redmi 6 Pro),"15,990"
